City_ID,City,Lat,Lng,Max Temp,Humidity,Cloudiness,Wind Speed,Country,Date
0,nogliki,51.8333,143.1667,43.2,96,100,6.2,RU,1686622345
1,port elizabeth,-33.918,25.5701,55.69,65,0,8.05,ZA,1686622512
2,bethel,41.3712,-73.414,67.64,89,100,9.22,US,1686622573
3,ushuaia,-54.8,-68.3,40.66,75,20,24.16,AR,1686622573
4,yellowknife,62.456,-114.3525,45.12,70,75,6.91,CA,1686622573
5,kavaratti,10.5669,72.642,85.12,75,100,21.27,IN,1686622574
6,nelson bay,-32.7167,152.15,63.0,83,100,7.0,AU,1686622574
7,papatowai,-46.5619,169.4708,52.59,79,28,5.77,NZ,1686622574
8,port-aux-francais,-49.35,70.2167,43.25,89,100,31.07,TF,1686622574
9,aasiaat,68.7098,-52.8699,30.52,84,42,9.64,GL,1686622574
10,dryden,49.7833,-92.7503,70.09,43,0,3.44,CA,1686622518
11,albany,42.6001,-73.9662,69.33,84,100,1.99,US,1686622313
12,iqaluit,63.7506,-68.5145,33.53,69,75,10.36,CA,1686622461
13,oranjemund,-28.55,16.4333,54.28,82,0,3.11,NA,1686622575
14,tiksi,71.6872,128.8694,35.96,96,100,6.71,RU,1686622575
15,inhambane,-23.865,35.3833,67.06,89,51,6.91,MZ,1686622575
16,bredasdorp,-34.5322,20.0403,57.11,73,67,25.34,ZA,1686622575
17,tomatlan,19.9333,-105.25,78.1,79,23,4.32,MX,1686622575
18,rio branco,-9.9747,-67.81,74.01,100,40,3.44,BR,1686622417
19,margaret river,-33.95,115.0667,60.39,69,100,16.51,AU,1686622575
20,lata,40.1629,-8.3327,65.07,98,100,3.8,PT,1686622575
21,grytviken,-54.2811,-36.5092,27.3,85,94,9.04,GS,1686622576
22,vila velha,-20.3297,-40.2925,75.15,90,20,9.22,BR,1686622576
23,waitangi,-43.9535,-176.5597,51.82,89,94,3.0,NZ,1686622576
24,harper,4.375,-7.7169,77.72,77,96,8.59,LR,1686622576
25,badger,64.8,-147.5333,63.52,44,100,17.27,US,1686622576
26,klyuchi,52.2667,79.1667,63.75,64,16,9.28,RU,1686622576
27,blackmans bay,-43.0167,147.3167,53.73,77,100,7.65,AU,1686622576
28,thanh hoa,19.8,105.7667,88.84,65,100,3.71,VN,1686622576
29,edinburgh of the seven seas,-37.0676,-12.3116,59.18,90,100,18.72,SH,1686622576
30,longyearbyen,78.2186,15.6401,37.24,75,75,11.5,SJ,1686622577
31,illapel,-31.6308,-71.1653,49.66,63,0,0.27,CL,1686622572
32,puerto natales,-51.7236,-72.4875,35.08,96,100,4.38,CL,1686622577
33,adamstown,-25.066,-130.1015,68.74,64,28,7.72,PN,1686622577
34,mejit,10.2753,170.8646,81.95,80,79,19.57,MH,1686622577
35,uturoa,-16.7333,-151.4333,81.09,69,25,15.52,PF,1686622577
36,colonia,50.9333,6.95,65.86,59,0,4.61,DE,1686622577
37,keflavik,64.0049,-22.5624,46.87,81,0,2.3,IS,1686622461
38,paracuru,-3.41,-39.0306,81.1,85,0,8.86,BR,1686622577
39,shingu,33.7333,135.9833,83.07,60,100,2.64,JP,1686622473
40,plastun,44.7561,136.2939,56.14,89,100,5.44,RU,1686622578
41,fale old settlement,-9.3852,-171.2468,83.21,77,12,14.61,TK,1686622578
42,lebu,-37.6167,-73.65,46.15,74,0,14.07,CL,1686622578
43,weno,7.4515,151.8468,89.55,70,75,9.22,FM,1686622467
44,alice springs,-23.7,133.8833,64.22,31,0,10.36,AU,1686622578
45,mahibadhoo,3.7833,72.9667,83.8,77,86,15.23,MV,1686622578
46,olyokminsk,60.3736,120.4264,56.98,31,6,8.28,RU,1686622474
47,morehead city,34.7229,-76.726,77.02,90,100,13.0,US,1686622578
48,suntar,62.1444,117.6319,59.02,32,9,7.9,RU,1686622343
49,kingston,17.997,-76.7936,83.35,76,20,14.97,JM,1686622578
50,puerto ayora,-0.7393,-90.3518,79.56,92,73,8.99,EC,1686622578
51,olonkinbyen,70.9221,-8.7187,35.69,87,100,19.82,SJ,1686622579
52,georgetown,5.4112,100.3354,87.73,76,20,8.05,MY,1686622579
53,thompson,55.7435,-97.8558,46.56,81,100,11.5,CA,1686622449
54,jamestown,42.097,-79.2353,56.79,79,100,9.22,US,1686622358
55,magadan,59.5667,150.8,65.53,85,89,10.0,RU,1686622579
56,whitehorse,60.7161,-135.0538,62.31,22,40,19.57,CA,1686622325
57,castro,-24.7911,-50.0119,53.74,98,100,10.69,BR,1686622579
58,mount gambier,-37.8333,140.7667,53.46,82,100,10.92,AU,1686622579
59,kruisfontein,-34.0033,24.7314,49.89,69,86,10.78,ZA,1686622579
60,sisimiut,66.9395,-53.6735,31.15,86,21,6.82,GL,1686622579
61,queenstown,-31.8976,26.8753,45.43,59,67,14.74,ZA,1686622580
62,rampura,30.25,75.2333,96.15,31,0,12.97,IN,1686622580
63,hinton,53.4001,-117.5857,73.72,41,100,5.93,CA,1686622580
64,ar rahad,12.7167,30.65,84.4,54,73,7.61,SD,1686622580
65,nova sintra,14.8667,-24.7167,70.09,85,100,21.09,CV,1686622580
66,lawas,13.764,121.0566,86.99,69,100,9.26,PH,1686622580
67,margate,51.3813,1.3862,59.7,84,1,4.0,GB,1686622580
68,vorgashor,67.5833,63.95,44.8,57,100,11.18,RU,1686622580
69,isafjordur,66.0755,-23.124,45.93,81,52,7.05,IS,1686622580
70,antofagasta,-23.65,-70.4,60.08,80,48,6.06,CL,1686622564
71,invercargill,-46.4,168.35,52.72,83,72,4.07,NZ,1686622581
72,severoural'sk,60.1533,59.952,52.0,57,24,6.67,RU,1686622581
73,chake chake,-5.2459,39.7666,75.24,78,3,7.61,TZ,1686622581
74,al kharijah,25.4514,30.5464,85.55,26,0,3.24,EG,1686622581
75,tura,25.5198,90.2201,79.52,87,9,5.64,IN,1686622581
76,sao jose da coroa grande,-8.8978,-35.1478,76.98,84,18,10.92,BR,1686622581
77,baker city,44.7749,-117.8344,73.11,53,40,11.5,US,1686622581
78,valparaiso,-33.0393,-71.6273,40.64,100,0,4.61,CL,1686622428
79,st. john's,47.5649,-52.7093,45.79,94,100,16.11,CA,1686622360
80,lauro de freitas,-12.8944,-38.3272,80.62,78,40,5.75,BR,1686622581
81,hadibu,12.65,54.0333,82.56,81,100,21.97,YE,1686622581
82,santa barbara,34.7333,-120.0343,60.22,72,0,10.36,US,1686622582
83,vadso,70.0744,29.7487,48.36,61,100,13.8,NO,1686622522
84,le port,-20.9373,55.2919,71.89,91,10,7.92,RE,1686622540
85,kiunga,-6.1219,141.2906,78.21,95,91,3.51,PG,1686622582
86,taoudenni,22.6783,-3.9836,92.7,11,59,8.52,ML,1686622582
87,sao joao da barra,-21.6403,-41.0511,73.06,87,89,6.42,BR,1686622582
88,pandan,14.0453,124.1694,89.06,61,100,5.41,PH,1686622582
89,talnakh,69.4865,88.3972,47.21,73,97,4.09,RU,1686622444
90,ilulissat,69.2167,-51.1,35.62,75,75,0.0,GL,1686622582
91,lazaro cardenas,17.9583,-102.2,81.43,75,1,7.83,MX,1686622582
92,motygino,58.1831,94.7592,60.58,57,71,8.08,RU,1686622582
93,sacaba,20.5833,-89.9833,84.45,71,26,6.51,MX,1686622583
94,kavieng,-2.5744,150.7967,84.67,74,66,10.76,PG,1686622583
95,san luis,-33.295,-66.3356,38.3,38,0,5.91,AR,1686622583
96,bechar,31.6167,-2.2167,80.92,32,0,6.91,DZ,1686622583
97,happy valley-goose bay,53.3168,-60.3315,59.31,47,75,4.61,CA,1686622510
98,ribeira grande,38.5167,-28.7,65.77,97,8,1.99,PT,1686622583
99,cox's bazar,21.4532,91.9798,81.99,84,100,13.73,BD,1686622583
100,gemena,3.25,19.7667,69.12,97,100,2.28,CD,1686622583
101,sao vicente,-23.9631,-46.3919,72.99,26,100,14.92,BR,1686622579
102,labrador city,52.9463,-66.9114,44.51,87,40,0.0,CA,1686622583
103,port lincoln,-34.7333,135.8667,57.15,57,92,23.24,AU,1686622583
104,chenaran,36.6455,59.1212,73.87,28,0,0.67,IR,1686622584
105,minas de marcona,-15.2119,-75.1103,54.18,85,83,18.7,PE,1686622584
106,hamilton,39.1834,-84.5333,59.77,71,20,4.61,US,1686622454
107,anadyr,64.75,177.4833,63.1,48,0,6.71,RU,1686622449
108,dondo,-19.6094,34.7431,62.44,70,24,5.86,MZ,1686622584
109,hawaiian paradise park,19.5933,-154.9731,83.71,74,0,1.01,US,1686622584
110,qaqortoq,60.7167,-46.0333,44.08,76,100,6.06,GL,1686622501
111,coquimbo,-29.9533,-71.3436,51.53,81,100,3.44,CL,1686622584
112,timmins,48.4669,-81.3331,58.82,100,100,8.05,CA,1686622475
113,port sudan,19.6175,37.2164,86.05,42,1,6.64,SD,1686622584
114,la passe,45.5549,-0.8967,64.63,92,100,5.53,FR,1686622584
115,saint-philippe,-21.3585,55.7679,71.19,75,0,3.83,RE,1686622449
116,taltal,-25.4,-70.4833,55.35,80,0,2.1,CL,1686622585
117,nar'yan-mar,67.6713,53.087,47.01,69,72,8.63,RU,1686622585
118,saudarkrokur,65.7461,-19.6394,48.07,81,9,6.73,IS,1686622585
119,fort bragg,35.139,-79.006,73.54,88,75,3.44,US,1686622389
120,sinop,41.7711,34.8709,58.5,93,88,1.92,TR,1686622585
121,santa catalina,9.3337,122.8637,87.78,64,40,2.93,PH,1686622585
122,mata-utu,-13.2816,-176.1745,82.98,76,97,13.4,WF,1686622585
123,pulandian,39.3953,121.9669,73.36,52,9,6.08,CN,1686622585
124,hermanus,-34.4187,19.2345,60.8,86,100,29.39,ZA,1686622454
125,polyarnyy,69.1989,33.4478,48.67,71,99,7.65,RU,1686622585
126,dudinka,69.4058,86.1778,47.62,61,80,6.11,RU,1686622488
127,haiku-pauwela,20.9219,-156.3051,86.02,56,0,21.85,US,1686622586
128,kodiak,57.79,-152.4072,56.71,47,20,13.8,US,1686622516
129,kisangani,0.5167,25.2,69.44,97,51,1.48,CD,1686622586
130,luderitz,-26.6481,15.1594,54.64,81,0,11.59,NA,1686622586
131,dubbo,-32.25,148.6167,64.53,63,0,12.66,AU,1686622586
132,iskushuban,10.2837,50.23,85.75,40,100,23.44,SO,1686622586
133,conde,-7.2597,-34.9075,74.66,100,20,4.61,BR,1686622586
134,inirida,3.8653,-67.9239,74.86,93,38,2.42,CO,1686622586
135,touros,-5.1989,-35.4608,75.52,89,3,10.11,BR,1686622586
136,caleta de carquin,-11.0925,-77.6267,68.31,81,31,15.37,PE,1686622586
137,takoradi,4.8845,-1.7554,76.3,72,53,6.44,GH,1686622481
138,dunedin,-45.8742,170.5036,54.81,65,77,1.99,NZ,1686622587
139,tazovsky,67.4667,78.7,33.46,93,100,18.16,RU,1686622476
140,naval,11.5606,124.3975,86.4,69,77,5.41,PH,1686622587
141,udachny,66.4167,112.4,61.45,33,19,15.7,RU,1686622587
142,sal rei,16.1833,-22.9167,74.48,90,75,16.58,CV,1686622587
143,lihue,21.9789,-159.3672,81.64,73,20,14.97,US,1686622587
144,vilyuchinsk,52.9306,158.4028,75.47,46,0,3.49,RU,1686622345
145,quepos,9.4236,-84.1652,80.94,85,90,0.81,CR,1686622587
146,san patricio,28.017,-97.5169,83.84,83,79,14.54,US,1686622587
147,uray,60.1247,64.7758,49.15,51,0,8.28,RU,1686622576
148,salmas,38.1973,44.7653,63.93,56,7,2.75,IR,1686622587
149,atafu village,-8.5421,-172.5159,83.59,75,45,15.01,TK,1686622588
150,ankola,14.6667,74.3,82.27,81,74,8.14,IN,1686622588
151,praia,14.9215,-23.5087,77.54,73,0,11.5,CV,1686622588
152,tan-tan,28.438,-11.1032,68.67,89,17,13.35,MA,1686622588
153,carnarvon,-24.8667,113.6333,63.37,36,0,16.51,AU,1686622588
154,parabel',58.6978,81.4825,50.11,59,22,11.12,RU,1686622588
155,ingeniero guillermo n. juarez,-23.9,-61.85,50.38,36,100,9.6,AR,1686622588
156,enid,36.3956,-97.8784,69.03,83,0,4.61,US,1686622588
157,west island,-12.1568,96.8225,80.58,83,40,19.69,CC,1686622588
158,haciqabul,40.0408,48.9445,75.52,71,12,2.19,AZ,1686622588
159,khovd,48.0056,91.6419,60.96,38,1,4.63,MN,1686622588
160,igunga,-4.2833,33.8833,63.66,59,28,6.2,TZ,1686622589
161,portland,45.5234,-122.6762,89.46,42,20,11.5,US,1686622291
162,tolanaro,-25.0319,46.9987,64.53,90,3,4.54,MG,1686622589
163,pedra branca,-5.4542,-39.7172,72.54,72,70,1.54,BR,1686622589
164,namibe,-15.1961,12.1522,60.57,80,4,3.56,AO,1686622589
165,dutsin-ma,12.4517,7.4981,78.91,69,90,11.99,NG,1686622589
166,carros,43.7894,7.184,66.78,80,0,6.91,FR,1686622589
167,shohimardon,39.9839,71.8028,59.77,53,99,0.31,UZ,1686622589
168,aykhal,66.0,111.5,57.74,36,13,16.67,RU,1686622589
169,avarua,-21.2078,-159.775,78.85,83,100,17.27,CK,1686622465
170,cabo san lucas,22.8909,-109.9124,86.31,39,0,5.75,MX,1686622351
171,mogocha,53.7333,119.7667,50.77,75,100,11.45,RU,1686622590
172,kencong,-8.2833,113.3667,81.39,71,45,2.8,ID,1686622590
173,boryeong,36.3493,126.5977,71.98,57,100,4.76,KR,1686622590
174,orkney,-26.9802,26.6727,41.97,81,0,6.53,ZA,1686622590
175,ruteng,-8.6136,120.4721,72.3,55,52,2.53,ID,1686622590
176,pontes e lacerda,-15.2261,-59.3353,58.23,89,100,4.97,BR,1686622590
177,isangel,-19.55,169.2667,78.91,65,100,4.61,VU,1686622590
178,chibougamau,49.9168,-74.3659,64.02,63,0,5.75,CA,1686622590
179,kiffa,16.6166,-11.4045,91.69,33,100,7.2,MR,1686622590
180,sur,22.5667,59.5289,90.73,46,100,6.78,OM,1686622591
181,ulaangom,49.9811,92.0667,64.26,36,0,7.02,MN,1686622591
182,port isabel,26.0734,-97.2086,84.24,88,0,12.66,US,1686622440
183,nirmali,26.3167,86.5833,87.93,60,3,10.98,IN,1686622591
184,constantia,44.1833,28.65,54.7,84,38,15.5,RO,1686622447
185,kapuskasing,49.4169,-82.4331,62.6,82,100,4.61,CA,1686622591
186,labytnangi,66.6572,66.4183,45.52,49,99,8.19,RU,1686622591
187,bilibino,68.0546,166.4372,47.8,88,100,15.88,RU,1686622591
188,cidreira,-30.1811,-50.2056,48.47,68,80,8.21,BR,1686622591
189,utrik,11.2278,169.8474,81.91,80,31,18.41,MH,1686622591
190,puerto lempira,15.2667,-83.7667,81.48,83,56,8.68,HN,1686622591
191,lompoc,34.6391,-120.4579,67.01,80,100,8.01,US,1686622489
192,porbandar,21.6422,69.6093,83.73,85,100,34.36,IN,1686622592
193,port augusta,-32.5,137.7667,61.43,51,8,18.3,AU,1686622592
194,chonchi,-42.6128,-73.8092,38.41,95,18,1.9,CL,1686622469
195,cooper's town,26.8667,-77.5167,81.07,79,64,11.65,BS,1686622592
196,punta arenas,-53.15,-70.9167,42.91,70,20,13.8,CL,1686622592
197,moranbah,-22.0016,148.0466,78.1,40,44,5.46,AU,1686622592
198,san borja,-14.8167,-66.85,54.66,88,100,7.85,BO,1686622592
199,abepura,-2.6333,140.5833,85.01,70,40,5.75,ID,1686622458
200,selfoss,63.9331,-20.9971,46.85,80,3,4.88,IS,1686622501
201,taksimo,56.3444,114.8794,59.95,42,52,3.76,RU,1686622592
202,katabu,-4.9333,122.5167,80.44,81,100,4.29,ID,1686622593
203,oruro,-17.9833,-67.15,38.61,19,0,4.79,BO,1686622593
204,noumea,-22.2763,166.4572,78.78,99,3,14.52,NC,1686622442
205,san antonio de pale,-1.4014,5.6325,75.76,89,99,7.61,GQ,1686622593
206,magong,23.5654,119.5863,81.5,81,100,10.27,TW,1686622593
207,kodinsk,58.6881,99.1844,62.65,44,100,6.26,RU,1686622593
208,ad dilam,23.9915,47.1627,95.41,20,10,2.89,SA,1686622496
209,hithadhoo,-0.6,73.0833,83.71,71,54,9.31,MV,1686622485
210,port hedland,-20.3167,118.5667,75.25,22,75,16.11,AU,1686622593
211,machico,32.7,-16.7667,66.83,82,20,3.44,PT,1686622593
212,beyneu,45.3167,55.2,78.49,19,10,9.06,KZ,1686622593
213,mount isa,-20.7333,139.5,82.17,18,7,12.66,AU,1686622593
214,phang nga,8.4509,98.5298,86.04,74,99,3.27,TH,1686622594
215,pingliang,35.5392,106.6861,75.9,26,40,7.85,CN,1686622594
216,nzerekore,7.7562,-8.8179,70.2,99,90,2.26,GN,1686622594
217,lhasa,29.65,91.1,56.62,66,87,2.46,CN,1686622594
218,new norfolk,-42.7826,147.0587,54.91,78,91,3.44,AU,1686622594
219,stanley,54.868,-1.6985,54.72,93,75,0.0,GB,1686622594
220,tamanrasset,22.785,5.5228,80.51,32,20,3.44,DZ,1686622594
221,naze,28.3667,129.4833,72.52,92,100,7.29,JP,1686622594
222,hotan,37.0997,79.9269,87.4,15,99,5.88,CN,1686622594
223,ghadamis,30.1337,9.5007,84.2,25,0,18.99,LY,1686622595
224,wailua homesteads,22.0669,-159.378,81.03,79,20,14.97,US,1686622595
225,puerto baquerizo moreno,-0.9,-89.6,78.73,82,24,11.92,EC,1686622341
226,ada,43.4166,-116.1262,76.91,55,0,9.22,US,1686622595
227,nabire,-3.3667,135.4833,82.98,72,98,2.46,ID,1686622595
228,bonab,37.3404,46.0561,66.65,39,0,9.22,IR,1686622595
229,bubaque,11.2833,-15.8333,79.2,85,100,10.67,GW,1686622595
230,marquette,46.5333,-87.6335,48.25,96,99,5.01,US,1686622544
231,taroa,8.7058,171.2275,82.92,79,62,19.26,MH,1686622595
232,flying fish cove,-10.4217,105.6791,82.08,78,40,14.97,CX,1686622595
233,remire-montjoly,4.9167,-52.2667,77.04,94,100,2.3,GF,1686622595
234,kristiansund,63.1115,7.732,57.25,71,75,4.61,NO,1686622596
235,iisalmi,63.5592,27.1907,50.41,51,86,8.08,FI,1686622579
236,jiuquan,39.7432,98.5174,82.35,16,0,12.12,CN,1686622596
237,lacombe,52.4668,-113.7353,79.34,62,7,4.18,CA,1686622597
238,andrelandia,-21.7397,-44.3092,63.07,63,91,2.19,BR,1686622597
239,pyt-yakh,60.7499,72.8582,48.0,52,17,9.24,RU,1686622597
240,monywa,22.1167,95.1333,87.66,59,89,12.15,MM,1686622597
241,libreville,0.3925,9.4537,76.98,86,93,5.5,GA,1686622597
242,korla,41.7597,86.1469,89.65,19,97,11.9,CN,1686622597
243,kirakira,-10.4544,161.9205,84.65,74,18,7.54,SB,1686622598
244,nuku'alofa,-21.1333,-175.2,73.74,78,75,1.14,TO,1686622598
245,xinzhou,38.4092,112.7333,76.82,29,0,7.7,CN,1686622598
246,amga,60.8953,131.9608,38.75,96,100,4.12,RU,1686622598
247,ola,59.5833,151.2833,66.15,91,89,11.61,RU,1686622598
248,tionk essil,12.7856,-16.5217,82.45,80,98,9.04,SN,1686622598
249,bantogon,6.5333,124.0333,84.72,68,51,4.81,PH,1686622598
250,songjianghe,42.1859,127.479,64.54,72,27,5.44,CN,1686622598
251,brioude,45.1667,3.4167,59.05,98,100,1.16,FR,1686622599
252,fontenay-le-comte,46.5833,-1.0,65.84,88,100,7.61,FR,1686622599
253,lodja,-3.4833,23.4333,69.21,90,28,1.63,CD,1686622599
254,yuzhno-kurilsk,44.0306,145.8556,52.97,97,100,7.61,RU,1686622469
255,dzhetygara,52.1908,61.2006,48.54,89,100,17.11,KZ,1686622599
256,saipan,15.1355,145.701,88.5,100,40,12.66,MP,1686622574
257,pampa,35.5362,-100.9599,65.35,88,27,12.66,US,1686622599
258,enewetak,11.3474,162.3373,82.13,81,98,19.8,MH,1686622599
259,malmberget,67.1753,20.6549,48.76,66,90,6.91,SE,1686622599
260,thinadhoo,0.5333,72.9333,83.68,72,12,9.95,MV,1686622599
261,ketchikan,55.3422,-131.6461,63.07,55,0,9.22,US,1686622459
262,nema,57.5067,50.5011,48.58,68,4,0.22,RU,1686622600
263,itoman,26.1247,127.6694,83.17,100,75,11.5,JP,1686622600
264,bakchar,57.0186,82.0711,52.68,53,100,5.3,RU,1686622600
265,zhanaozen,43.3,52.8,77.95,18,4,10.58,KZ,1686622600
266,ulluaya,42.3738,47.3745,56.93,75,73,5.17,RU,1686622600
267,palmer,42.1584,-72.3287,67.86,84,100,0.0,US,1686622600
268,bolobo,-2.1667,16.2333,71.08,94,100,2.55,CD,1686622600
269,iskateley,67.6803,53.1512,47.01,68,69,8.63,RU,1686622600
270,wenatchee,47.4235,-120.3103,91.69,25,0,6.91,US,1686621769
271,panaba,21.2833,-88.2667,84.72,68,24,9.98,MX,1686622600
272,igrim,63.1906,64.4162,47.59,47,63,7.76,RU,1686622601
273,crane,31.3974,-102.3501,92.46,12,1,10.02,US,1686622601
274,college,64.8569,-147.8028,63.59,44,75,17.27,US,1686622579
275,usinsk,65.9939,57.5281,49.19,88,88,14.36,RU,1686622601
276,ambon,-3.6954,128.1814,84.34,81,40,3.44,ID,1686622601
277,babolsar,36.7025,52.6576,76.71,73,1,3.38,IR,1686622601
278,rongelap,11.1635,166.8941,82.2,80,99,17.72,MH,1686622601
279,roma,43.2128,-75.4557,65.52,91,100,6.91,US,1686622591
280,mount pearl,47.5166,-52.7813,44.96,96,100,13.8,CA,1686622085
281,callao,-12.0667,-77.15,70.09,78,75,19.57,PE,1686622601
282,filadelfia,39.9523,-75.1638,70.27,90,75,17.27,US,1686622598
283,lichinga,-13.3128,35.2406,55.06,67,11,3.8,MZ,1686622601
284,al bayda',32.7627,21.7551,60.91,98,38,5.32,LY,1686622602
285,kralendijk,12.15,-68.2667,82.38,78,3,16.11,BQ,1686622602
286,carletonville,-26.3609,27.3977,39.76,86,0,8.21,ZA,1686622602
287,vernon,50.2581,-119.2691,91.92,36,33,3.44,CA,1686622602
288,prabumulih,-3.45,104.25,83.55,71,40,5.26,ID,1686622602
289,bua yai,15.5855,102.4259,90.1,68,100,13.2,TH,1686622602
290,saldanha,-33.0117,17.9442,55.45,84,100,18.01,ZA,1686622602
291,okhotsk,59.3833,143.3,47.3,85,87,11.97,RU,1686622602
292,tucupita,9.0622,-62.051,76.1,91,100,3.62,VE,1686622602
293,vanimo,-2.6741,141.3028,76.73,93,100,6.82,PG,1686622602
294,saint-pierre,-21.3393,55.4781,71.56,73,0,5.75,RE,1686622603
295,cannonvale,-20.2833,148.7,72.79,70,13,9.71,AU,1686622603
296,notodden,59.5594,9.2585,61.0,70,93,1.12,NO,1686622603
297,la ronge,55.1001,-105.2842,64.65,55,100,5.75,CA,1686622603
298,tauranga,-37.6861,176.1667,61.14,55,0,4.0,NZ,1686622337
299,yaprakli,40.7579,33.7782,52.25,91,27,4.32,TR,1686622603
300,malvan,16.0667,73.4667,83.53,79,18,15.95,IN,1686622603
301,san luis de la loma,17.2706,-100.8939,83.08,74,5,7.74,MX,1686622603
302,greymouth,-42.4667,171.2,55.27,58,13,3.09,NZ,1686622603
303,tsiombe,-25.3,45.4833,62.76,96,13,6.11,MG,1686622603
304,nouadhibou,20.931,-17.0347,70.03,80,0,20.69,MR,1686622603
305,hammerfest,70.6634,23.6821,43.25,75,100,13.8,NO,1686622604
306,gamba,-2.65,10.0,73.49,93,100,4.52,GA,1686622604
307,kasongo-lunda,-6.4667,16.8167,69.55,90,94,2.55,CD,1686622604
308,afaahiti,-17.75,-149.2833,82.27,69,23,18.97,PF,1686622604
309,taro,-8.3862,115.28,75.2,74,70,5.17,ID,1686622604
310,huaidian,33.4333,115.0333,87.08,30,6,5.08,CN,1686622604
311,cobija,-11.0267,-68.7692,71.87,99,99,4.29,BO,1686622604
312,celestun,20.8667,-90.4,83.46,81,0,13.35,MX,1686622604
313,perry,37.2506,-83.1999,64.58,90,45,4.07,US,1686622605
314,huanuco,-9.9329,-76.2415,62.01,92,61,2.8,PE,1686622605
315,novyy urgal,51.0736,132.5642,74.39,54,58,1.12,RU,1686622605
316,silifke,36.3778,33.9344,68.92,82,2,1.25,TR,1686622605
317,tralee,52.2704,-9.7026,59.65,94,87,2.06,IE,1686622605
318,komsomol'skiy,43.9783,46.6985,70.66,57,46,5.48,RU,1686622605
319,peterhead,57.5058,-1.7981,58.44,96,98,7.56,GB,1686622605
320,khandyga,62.6667,135.6,52.84,65,100,5.03,RU,1686622605
321,necochea,-38.5473,-58.7368,48.18,73,100,7.87,AR,1686622605
322,qurayyat,31.3318,37.3428,68.18,45,0,4.61,SA,1686622605
323,pace,30.5994,-87.1611,78.78,88,75,6.91,US,1686622605
324,arno,60.1167,18.6333,52.79,66,15,8.93,SE,1686622606
325,freetown,8.484,-13.2299,76.84,87,99,4.76,SL,1686622606
326,sao felix do xingu,-6.6447,-51.995,73.6,79,10,2.24,BR,1686622606
327,andergrove,-21.0833,149.1833,80.65,72,1,6.89,AU,1686622606
328,la mira,18.035,-102.3266,80.74,75,3,7.25,MX,1686622606
329,kovancilar,38.7214,39.8681,64.36,60,64,2.53,TR,1686622606
330,kerikeri,-35.2268,173.9474,62.91,66,1,7.43,NZ,1686622606
331,mili,6.0815,171.735,83.12,80,100,17.22,MH,1686622520
332,walvis bay,-22.9575,14.5053,55.09,87,0,8.93,NA,1686622450
333,launceston,-41.45,147.1667,58.6,78,100,8.05,AU,1686622606
334,port alfred,-33.5906,26.891,56.59,66,100,14.14,ZA,1686622606
335,padang,-0.9492,100.3543,84.25,71,88,1.39,ID,1686622607
336,darchula,29.8412,80.5287,77.11,61,83,1.63,NP,1686622607
337,geneina,13.45,22.45,78.69,57,100,2.44,SD,1686622607
338,fisterra,42.9049,-9.2629,63.01,93,91,8.19,ES,1686622308
339,kashgar,39.4547,75.9797,83.41,20,40,6.71,CN,1686622607
340,imbituba,-28.24,-48.6703,57.85,75,100,9.98,BR,1686622607
341,kill devil hills,36.0307,-75.676,71.98,90,40,14.97,US,1686622607
342,dompu,-8.5356,118.4622,80.69,67,92,6.93,ID,1686622607
343,billings,45.7833,-108.5007,73.17,62,75,8.05,US,1686622389
344,nchelenge,-9.3451,28.734,65.79,60,28,5.32,ZM,1686622607
345,sitka,57.0531,-135.33,53.49,62,75,13.8,US,1686622607
346,daru,-9.0763,143.2092,79.97,87,98,13.73,PG,1686622608
347,sargatskoye,55.6101,73.4972,52.65,60,100,6.35,RU,1686622608
348,codrington,-38.2667,141.9667,54.99,75,100,15.48,AU,1686622608
349,aripuana,-9.1667,-60.6333,78.84,73,87,0.27,BR,1686622608
350,horta,38.5333,-28.6333,65.01,97,18,1.99,PT,1686622608
351,muli,2.9167,73.5667,83.73,76,96,14.29,MV,1686622608
352,geraldton,-28.7667,114.6,57.61,72,0,11.5,AU,1686622385
353,whangarei,-35.7317,174.3239,60.48,58,0,6.85,NZ,1686622608
354,newman,37.3138,-121.0208,82.74,55,48,5.01,US,1686622608
355,eenhana,-17.4667,16.3333,52.34,20,5,5.14,NA,1686622608
356,lashio,22.9333,97.75,73.26,93,100,1.86,MM,1686622608
357,baskil,38.5679,38.8238,55.24,60,5,0.67,TR,1686622609
358,dullewala,31.8359,71.4362,97.47,26,0,4.88,PK,1686622609
359,rikaze,29.25,88.8833,58.1,43,47,3.74,CN,1686622609
360,broome,42.2506,-75.833,64.02,95,100,12.66,US,1686622517
361,lesosibirsk,58.2358,92.4828,56.98,62,52,7.94,RU,1686622609
362,lhokseumawe,5.1801,97.1507,82.96,72,92,2.35,ID,1686622609
363,poxoreo,-15.8372,-54.3892,65.25,98,81,4.79,BR,1686622609
364,bardai,11.65,7.2333,72.5,85,53,7.07,NG,1686622609
365,colon,9.3592,-79.9014,82.94,80,45,18.01,PA,1686622501
366,xai-xai,-25.0519,33.6442,68.92,75,85,5.91,MZ,1686622610
367,fortuna,40.5982,-124.1573,54.66,96,100,11.5,US,1686622610
368,am timan,11.0297,20.2827,76.86,80,100,3.51,TD,1686622610
369,wisconsin rapids,44.3836,-89.8174,56.17,83,100,4.61,US,1686622388
370,bel ombre,-4.6167,55.4167,80.44,74,40,12.66,SC,1686622610
371,niafunke,15.9322,-3.9906,85.26,49,100,13.8,ML,1686622610
372,kenai,60.5544,-151.2583,49.14,68,100,8.05,US,1686622610
373,leava,-14.3,-178.1667,80.96,81,77,11.3,WF,1686622610
374,acajutla,13.5928,-89.8275,82.31,84,100,3.09,SV,1686622610
375,arteche,12.2645,125.4048,88.11,63,100,7.43,PH,1686622610
376,beroroha,-21.6667,45.1667,56.71,86,0,0.69,MG,1686622610
377,kadoma,34.7333,135.5833,82.65,58,75,5.75,JP,1686622611
378,port mathurin,-19.6833,63.4167,76.55,71,4,15.08,MU,1686622611
379,rumphi,-11.0186,33.8575,58.91,79,42,2.89,MW,1686622611
380,nizhneudinsk,54.9076,99.0276,50.74,96,100,3.02,RU,1686622611
381,kota bharu,6.1333,102.2386,87.04,84,20,3.44,MY,1686622611
382,rio grande,-32.035,-52.0986,39.31,65,6,8.68,BR,1686622611
383,gaigeturi,33.4644,126.3183,71.65,88,75,4.61,KR,1686622611
384,inarajan village,13.2736,144.7484,87.94,79,10,17.36,GU,1686622611
385,graaff-reinet,-32.2522,24.5308,41.92,74,66,7.52,ZA,1686622611
386,havre,49.5833,0.3333,61.2,100,100,5.75,FR,1686622611
387,ust-tsilma,65.441,52.1498,54.63,79,100,6.15,RU,1686622612
388,buka,40.8108,69.1986,83.25,33,100,0.96,UZ,1686622612
389,gohadi,26.4261,78.4447,99.18,28,6,17.74,IN,1686622612
390,kourou,5.1552,-52.6478,77.05,90,77,6.38,GF,1686622612
391,guajara mirim,-10.7828,-65.3394,72.21,99,99,4.03,BR,1686622612
392,qobu,40.4047,49.7131,74.52,66,3,4.63,AZ,1686622612
393,santyoku,37.4406,129.1708,71.38,71,82,5.14,KR,1686622612
394,flin flon,54.7682,-101.865,74.01,29,2,9.37,CA,1686622612
395,tchintabaraden,15.8969,5.7985,84.63,50,43,6.46,NE,1686622612
396,itaituba,-4.2761,-55.9836,76.75,86,59,1.39,BR,1686622612
397,alofi,-19.0595,-169.9187,73.29,94,100,13.8,NU,1686622463
398,iwaki,37.05,140.8833,79.77,85,99,7.9,JP,1686622613
399,thief river falls,48.1191,-96.1812,74.35,49,0,5.75,US,1686622613
400,famailla,-27.0541,-65.4033,45.55,44,97,2.98,AR,1686622613
401,kirishi,59.4471,32.0205,49.37,67,10,4.21,RU,1686622613
402,murghob,38.1702,73.9667,48.69,51,5,2.3,TJ,1686622613
403,mogadishu,2.0371,45.3438,78.91,86,33,17.63,SO,1686622613
404,pervomayskoye,43.919,46.7102,70.11,61,39,5.82,RU,1686622613
405,bam,29.106,58.357,86.47,18,0,11.16,IR,1686622613
406,petropavlovsk-kamchatsky,53.0452,158.6483,73.99,33,0,6.71,RU,1686622613
407,nemuro,43.3236,145.575,53.69,97,100,10.31,JP,1686622613
408,kuytun,54.3419,101.5036,49.59,92,100,12.24,RU,1686622614
409,samraong,12.4526,105.5873,86.18,65,80,4.81,KH,1686622614
410,kontcha,7.9667,12.2333,71.24,96,100,3.6,CM,1686622614
411,port-gentil,-0.7193,8.7815,75.61,88,92,8.84,GA,1686622614
412,kapa'a,22.0752,-159.319,82.38,79,20,14.97,US,1686622614
413,shalqar,47.8333,59.6,77.83,20,88,7.76,KZ,1686622614
414,chengde,40.9725,117.9361,77.54,36,23,6.35,CN,1686622614
415,tsiroanomandidy,-18.7667,46.0333,56.66,65,0,1.57,MG,1686622614
416,la'ie,21.6477,-157.9253,87.76,69,0,5.99,US,1686622614
417,lerwick,60.1545,-1.1494,53.6,93,100,7.05,GB,1686622448
418,malya,-2.9833,33.5167,65.19,74,85,4.65,TZ,1686622614
419,tazacorte,28.629,-17.9293,70.77,84,100,6.91,ES,1686622615
420,nadym,65.5333,72.5167,39.42,57,100,15.75,RU,1686622462
421,prince rupert,54.3161,-130.3201,56.89,84,100,18.41,CA,1686622615
422,kota kinabalu,5.9749,116.0724,91.38,66,20,3.44,MY,1686622615
423,arraial do cabo,-22.9661,-42.0278,71.67,91,4,7.56,BR,1686622615
424,penal,10.1667,-61.4667,76.93,97,100,7.9,TT,1686622615
425,likiep,9.8251,169.3107,82.72,80,100,19.82,MH,1686622615
426,urzhar,47.093,81.6294,73.85,28,90,6.53,KZ,1686622615
427,pangody,65.85,74.4859,39.04,66,6,16.55,RU,1686622615
428,kyren,51.6828,102.1408,63.05,90,100,3.78,RU,1686622615
429,nassau,40.7507,-73.5829,68.22,89,100,10.36,US,1686622615
430,port saint john's,-31.6229,29.5448,58.35,71,82,4.97,ZA,1686622615
431,mgandu,-5.95,34.1333,55.89,84,64,4.21,TZ,1686622616
432,tateyama,34.9833,139.8667,74.28,82,80,6.29,JP,1686622616
433,vila franca do campo,37.7167,-25.4333,66.61,98,100,11.36,PT,1686622616
434,altai,46.3722,96.2583,56.82,54,73,1.36,MN,1686622616
435,caburan,5.9181,125.6411,85.55,66,19,5.57,PH,1686622616
436,portrush,55.1959,-6.6493,56.53,93,88,2.89,GB,1686622616
437,murzuq,25.9155,13.9184,80.65,30,0,11.05,LY,1686622616
438,varna,43.2167,27.9167,57.34,89,100,9.22,BG,1686622616
439,zaozersk,69.4005,32.4476,49.46,64,98,15.39,RU,1686622616
440,hasaki,35.7333,140.8333,75.6,88,98,13.94,JP,1686622616
441,torbat-e heydariyeh,35.274,59.2195,74.59,16,0,5.77,IR,1686622617
442,al bayda,32.7627,21.7551,60.91,98,38,5.32,LY,1686622617
443,lae,-6.7221,146.9847,84.87,66,71,6.13,PG,1686622617
444,port macquarie,-31.4333,152.9167,62.89,49,100,5.64,AU,1686622520
445,kete krachi,7.7939,-0.0498,75.34,80,65,8.7,GH,1686622617
446,guerrero negro,27.9769,-114.0611,63.72,75,30,20.29,MX,1686622511
447,zheshart,62.0731,49.5733,52.83,89,99,5.5,RU,1686622617
448,xilin hot,43.9667,116.0333,73.69,35,3,7.72,CN,1686622617
449,nova prata,-28.7839,-51.61,36.28,96,75,1.95,BR,1686622617
450,morant bay,17.8815,-76.4093,83.82,85,23,11.18,JM,1686622617
451,kushk,33.2957,61.9522,77.07,18,0,13.73,AF,1686622617
452,vilyuysk,63.7553,121.6247,58.73,31,1,11.92,RU,1686622618
453,floro,61.5996,5.0328,57.16,67,100,4.61,NO,1686622472
454,tangalle,6.024,80.7911,81.7,79,100,12.44,LK,1686622618
455,udomlya,57.8794,34.9925,47.7,78,25,1.97,RU,1686622388
456,lijiang,26.8688,100.2207,56.07,90,100,1.43,CN,1686622618
457,constitucion,-35.3333,-72.4167,46.13,62,0,5.39,CL,1686622557
458,kailua-kona,19.6406,-155.9956,82.51,83,40,10.36,US,1686622563
459,as sulayyil,20.4607,45.5779,88.05,18,100,13.44,SA,1686622618
460,altpinar,39.2042,32.7478,56.64,75,46,3.33,TR,1686622618
461,mar del plata,-38.0023,-57.5575,45.09,90,40,3.44,AR,1686622453
462,mamadysh,55.7152,51.408,49.28,74,0,4.36,RU,1686622618
463,inari,68.906,27.0288,53.8,65,18,7.29,FI,1686622618
464,tonghae,37.5439,129.1069,72.84,67,73,5.53,KR,1686622618
465,lu-uk,5.9684,121.3122,86.83,63,29,6.62,PH,1686622619
466,east london,-33.0153,27.9116,61.16,46,89,19.01,ZA,1686622619
467,matoury,4.8483,-52.3317,76.96,94,100,2.3,GF,1686622619
468,palembang,-2.9167,104.7458,82.49,89,75,4.61,ID,1686622619
469,ylitornio,66.3089,23.6773,57.61,60,8,8.75,FI,1686622619
470,bela,25.9333,81.9833,101.77,24,16,13.29,IN,1686622619
471,egilsstadir,65.2653,-14.3948,42.71,87,0,3.44,IS,1686622619
472,acarau,-2.8856,-40.12,77.27,85,0,11.54,BR,1686622620
473,kendari,-3.945,122.4989,77.72,92,100,1.28,ID,1686622621
474,lemvig,56.5486,8.3102,50.2,61,21,8.39,DK,1686622621
475,villa el carmen,11.9801,-86.5057,85.37,86,100,1.92,NI,1686622621
476,steinbach,50.1667,8.5667,65.34,56,0,5.75,DE,1686622621
477,sao gabriel da cachoeira,-0.1303,-67.0892,78.6,77,100,1.45,BR,1686622621
478,yeed,4.55,43.0333,73.17,65,100,16.84,SO,1686622623
479,batangas,13.7594,121.06,87.06,70,100,9.26,PH,1686622623
480,kirs,59.3388,52.2447,49.24,68,11,6.71,RU,1686622623
481,broken hill,-31.95,141.4333,56.44,55,0,19.19,AU,1686622623
482,neelankarai,12.9455,80.2575,87.85,74,20,10.36,IN,1686622623
483,kota belud,6.351,116.4305,87.76,61,83,4.52,MY,1686622623
484,kayangel,8.0823,134.7173,81.75,78,75,8.28,PW,1686622623
485,chissamba,-12.1667,17.3333,55.74,49,17,4.59,AO,1686622624
486,maintirano,-18.0667,44.0167,66.99,89,0,8.1,MG,1686622624
487,barah,13.7,30.3667,87.28,42,22,7.78,SD,1686622624
488,ust-nera,64.5667,143.2,45.45,90,100,9.93,RU,1686622624
489,ixtapa-zihuatanejo,17.6333,-101.55,86.09,66,0,12.66,MX,1686622624
490,sirte,31.2089,16.5887,70.29,84,0,6.89,LY,1686622624
491,hobyo,5.3505,48.5268,78.31,84,67,22.57,SO,1686622624
492,bandarbeyla,9.4942,50.8122,79.81,73,100,29.26,SO,1686622624
493,chita,52.0333,113.55,66.09,49,94,8.95,RU,1686622360
494,kaa-khem,51.6833,94.7333,65.73,42,19,6.13,RU,1686622624
495,new bern,35.1085,-77.0441,75.22,60,20,5.75,US,1686622622
496,hell-ville,-13.4,48.2667,75.49,78,39,3.8,MG,1686622625
497,sri dungargarh,28.0833,74.0167,91.69,47,0,19.17,IN,1686622625
498,kampung sungai ara,5.327,100.2735,87.71,66,20,8.99,MY,1686622625
499,ewo,-0.8725,14.8206,73.22,89,100,3.44,CG,1686622625
500,selkirk,50.1436,-96.8845,78.87,51,20,5.48,CA,1686622625
501,puerto el triunfo,13.2833,-88.55,80.55,88,100,3.58,SV,1686622625
502,nehe,48.4833,124.8333,83.19,37,49,8.61,CN,1686622625
503,nguigmi,14.2495,13.1092,86.04,55,0,7.72,NE,1686622625
504,kone,-21.0595,164.8658,79.36,47,10,4.7,NC,1686622625
505,key west,24.5557,-81.7826,84.2,81,0,6.91,US,1686622559
506,pisek,49.3088,14.1475,47.12,90,0,1.52,CZ,1686622626
507,shakhtersk,48.0625,38.5167,55.69,89,85,8.86,UA,1686622626
508,urangan,-25.3,152.9,69.01,69,0,3.42,AU,1686622626
509,mossel bay,-34.1831,22.146,60.73,62,97,14.25,ZA,1686622626
510,loango,-4.6719,11.8312,72.45,94,10,3.09,CG,1686622626
511,progreso,21.2833,-89.6667,86.11,83,2,9.42,MX,1686622626
512,dingtao,35.0683,115.5625,86.45,36,0,4.56,CN,1686622626
513,i-n-salah,27.1935,2.4607,92.35,9,0,8.37,DZ,1686622626
514,santiago de cao,-7.9589,-79.2392,71.73,83,75,10.36,PE,1686622626
515,gadzhiyevo,69.2551,33.3362,48.83,70,100,8.48,RU,1686622486
516,kochubey,44.3861,46.5825,74.08,50,99,4.5,RU,1686622627
517,ancud,-41.8697,-73.8203,40.55,90,41,5.84,CL,1686622627
518,plettenberg bay,-34.0527,23.3716,55.0,67,94,6.69,ZA,1686622627
519,filipstad,59.7124,14.1683,49.17,47,96,1.57,SE,1686622627
520,grand falls-windsor,48.9332,-55.6649,49.5,88,95,3.15,CA,1686622627
521,puerto leguizamo,-0.1934,-74.7819,72.77,98,91,1.41,CO,1686622627
522,tayshet,55.9342,98.0044,60.64,58,10,8.16,RU,1686622627
523,torghay,49.6339,63.4981,66.43,51,61,21.03,KZ,1686622627
524,cockburn town,21.4612,-71.1419,82.44,84,8,21.56,TC,1686622628
525,tabou,4.423,-7.3528,77.45,76,94,7.65,CI,1686622628
526,palikir - national government center,6.9248,158.1611,88.65,74,100,9.22,FM,1686622628
527,puerto santa,-8.9906,-78.6456,70.36,82,20,13.98,PE,1686622628
528,qui nhon,13.7667,109.2333,84.72,68,100,6.4,VN,1686622628
529,pyu,18.4833,96.4333,78.93,86,100,6.96,MM,1686622628
530,bacalar,18.6667,-88.3833,83.32,82,0,8.48,MX,1686622628
531,emerald,-23.5333,148.1667,77.34,52,3,3.47,AU,1686622581
532,dnipro,48.45,34.9833,53.82,90,100,8.46,UA,1686622628
533,lethem,3.3803,-59.7968,77.27,82,32,4.94,GY,1686622629
534,berdigestyakh,62.0989,126.6992,50.68,48,100,5.1,RU,1686622629
535,yazykovo,55.2199,56.1353,46.8,68,0,10.04,RU,1686622629
536,longboat key,27.4125,-82.659,84.0,78,0,4.61,US,1686622629
537,kurayyimah,32.2764,35.5994,71.87,78,0,2.26,JO,1686622629
538,mukalla,14.5425,49.1242,86.99,80,100,5.57,YE,1686622629
539,kas,36.2018,29.6377,69.6,79,4,2.77,TR,1686622629
540,santa isabel,-23.3156,-46.2214,65.5,92,96,3.0,BR,1686622629
541,puerto san jose,13.9256,-90.8244,83.25,80,100,5.37,GT,1686622629
542,pamandzi,-12.7967,45.2794,73.18,88,0,2.3,YT,1686622629
543,rehoboth,-23.3167,17.0833,41.86,65,0,3.18,NA,1686622630
544,kismayo,-0.3582,42.5454,78.26,83,56,15.01,SO,1686622630
545,crucecita,-28.95,-58.9833,40.89,50,0,5.5,AR,1686622630
546,miranda,3.2499,-76.2281,75.33,89,96,5.66,CO,1686622630
547,fernie,49.5,-115.0687,75.4,53,67,3.38,CA,1686622630
548,tari,12.4086,4.4914,81.0,72,40,7.4,NG,1686622630
549,tshikapa,-6.4167,20.8,71.65,79,98,2.86,CD,1686622630
550,fort-shevchenko,44.5086,50.263,77.43,39,0,10.49,KZ,1686622630
551,katsuura,35.1333,140.3,74.43,82,84,10.45,JP,1686622630
552,yugorsk,61.3133,63.3319,48.9,48,5,5.17,RU,1686622630
553,tuba city,36.135,-111.2399,71.17,23,39,15.64,US,1686622631
554,awjilah,29.1081,21.2869,74.17,55,0,12.59,LY,1686622631
555,kamaishi,39.2667,141.8833,69.87,83,92,4.94,JP,1686622631
556,zvishavane,-20.3267,30.0665,60.62,40,54,5.57,ZW,1686622631
557,san pedro pochutla,15.7333,-96.4667,79.41,84,33,4.47,MX,1686622631
558,southbridge,42.0751,-72.0334,67.42,98,100,1.01,US,1686622631
559,sabang,5.8933,95.3214,83.48,73,35,16.13,ID,1686622631
560,la huacana,18.9667,-101.8167,83.46,46,54,4.59,MX,1686622631
561,karaton,-6.3424,106.1045,82.74,73,46,0.76,ID,1686622631
562,ta`u,-14.2336,-169.5144,81.68,74,43,16.71,AS,1686622477
